Exercise Name,Day last selected,Modality,Cardio or Strength,Impact?,Anterior/Posterior,Station Number,Equipment,,KEY
Alternating Single Leg 1/2 Up/Down,4/22/22,cardio,cardio,1,anterior,3,None,,"Modality: can be upper push, upper pull, lower push, lower pull, or abs"
1 db single leg wall sit with curl and OH press on left foot,4/22/22,upper push,strength,0,anterior,1,db,,"Cardio or Strength, as it says"
1 db single leg wall sit with curl and OH press on right foot,,upper push,strength,0,anterior,1,db,,"Impact: 1 means high impact, 0 means low impact"
180 jump turn,,,,1,,,,,"Anterior/posterior, as it says, which chain are we targeting"
3 way lunge left,,lower push,strength,,posterior,,,,Station number is ints
3 way lunge right,,lower push,strength,,posterior,,,,"Equipment: all things required to do the movement, this will be strings"
90 turn jumps,,,,1,,,,,
90 turn squat jumps,,lower push,cardio,1,posterior,,,,
Barbell Reverse Curl with OH Press,,upper push,strength,0,anterior,4,barbell,,
Barbell Reverse Curl with Push Press,,upper push,strength,0,anterior,4,barbell,,
Barbell Squat Clean & OH Press,,upper push,strength,,anterior,4,barbell,,
Barbell Squat with OH Press,,upper push,strength,,anterior,4,barbell,,
Bike Climb,,,,,,,med ball,,
Block Jumps,,,,1,,,,,
DB 1-db squat w 1 arm oh press left,,upper push,strength,,anterior,1,db,,
DB 1-db squat w 1 arm oh press right,,upper push,strength,,anterior,1,db,,
DB Alternating OH Press,,upper push,strength,,anterior,1,db,,
DB Ankle Hops,,,,,,1,db,,
DB Push Press,,upper push,strength,,anterior,1,db,,
DB RDL with Curl and OH Press,,upper push,strength,0,anterior,1,db,,
DB Reverse Lunge & OH Press,,upper push,strength,,anterior,1,db,,
DB Squat Curl & OH Press,,upper push,strength,0,anterior,1,db,,
DB Stepping Lunge & OH Press,,upper push,strength,,anterior,1,db,,
DB Stepping Lunge with Curl and OH Press,,upper push,strength,0,anterior,1,db,,
DB Up Down with OH Jump Press,,cardio,cardio,1,anterior,1,db,,
DB Up Down with OH Press,,cardio,cardio,1,anterior,1,db,,
DB squat w- oh press,,upper push,strength,,anterior,1,db,,
Db 1-db squat curl and oh press left,,upper push,strength,0,anterior,1,db,,
Db 1-db squat curl and oh press right,,upper push,strength,0,anterior,1,db,,
Db squat jump,,lower push,cardio,1,posterior,1,db,,
High Hurdle Linear Hop with 180 turn DO NOT TURN OVER HURDLE,,,,,,,,,
Lunge jumps,,lower push,cardio,1,posterior,,,,
MB Squat Jump with OH Press,,upper push,strength,1,anterior,,med ball,,
MB Up Down with Jump and Front Press,,cardio,cardio,1,anterior,,med ball,,
MB Up Down with Jump,,cardio,cardio,1,anterior,,med ball,,
MB Up Down with OH Jump Press,,cardio,cardio,1,anterior,,med ball,,
MB half squat hold w front press,,upper push,strength,,anterior,,med ball,,
Modified V-Ups with hands on floor,,,,,,,,,
Single Leg Lunge Jump Right,,lower push,cardio,1,posterior,,,,
Squat High Hurdle Lateral Hop Squat,,lower push,strength,,posterior,,,,
Squat Jump,,lower push,cardio,1,posterior,,,,
Squat Linear Low Hurdle Lat. Hop - Turn NO TURN ON JUMP,,lower push,cardio,1,posterior,,,,
Squat Low Hurdle Lateral Hop Squat,,lower push,strength,,posterior,,,,
Squat Low Hurdle Single Leg Hop Squat,,lower push,strength,,posterior,,,,
Squat jump-hh lateral hop-squat jump,,lower push,cardio,1,posterior,,,,
Squat- low hurdle lateral hop- squat,,lower push,strength,,posterior,,,,
Stationary Lunge Left - Jump,,lower push,cardio,1,posterior,,,,
Stationary Lunge Right - Jump,,lower push,cardio,1,posterior,,,,
Stationary lunge with hip ext right,,lower push,strength,,posterior,,,,
Sumo Jump Squat,,lower push,cardio,1,posterior,,,,
Tuck Jumps,,,,1,,,,,
Up Down with Jump,,cardio,cardio,1,anterior,,,,
Up down- HH lateral hop- up down,,cardio,cardio,1,anterior,,,,
Versa Log Wall Sit,,,,,,,,,
Versa Log lateral jump,,,,1,,,,,
WP Curl with Push Press,,upper push,strength,0,anterior,,,,
WP Push Press,,upper push,strength,,anterior,,,,
WP Squat Curl and OH Press,,upper push,strength,0,anterior,,,,
WP Squat with OH Press,,upper push,strength,,anterior,,,,
alternating single leg up down,,cardio,cardio,1,anterior,,,,
ankle hops-max height,,,,,,,,,
ankle hops,,,,,,,,,
barbell bent over high row,,upper pull,strength,0,posterior,4,barbell,,
barbell bent over low row,,upper pull,strength,0,posterior,4,barbell,,
barbell floor press,,upper push,strength,,anterior,4,barbell,,
barbell front squats,,lower push,strength,,anterior,4,barbell,,
barbell jump squats,,lower push,cardio,1,posterior,4,barbell,,
barbell low speed squat,,lower push,strength,,posterior,4,barbell,,
barbell lying tricep extension,,,strength,,,4,barbell,,
barbell push press,,upper push,strength,,anterior,4,barbell,,
barbell rdl w bent over row,,upper pull,strength,0,posterior,4,barbell,,
barbell rdl w upright row,,upper pull,strength,0,posterior,4,barbell,,
barbell rdls,,,strength,,,4,barbell,,
barbell reverse lunge,,lower push,strength,,posterior,4,barbell,,
barbell speed squat,,lower push,strength,,posterior,4,barbell,,
barbell squat to clean,,lower push,strength,,posterior,4,barbell,,
barbell squat with front raise,,lower push,strength,,anterior,4,barbell,,
barbell squat,,lower push,strength,,posterior,4,barbell,,
barbell stepping lunge w oh press,,upper push,strength,,anterior,4,barbell,,
barbell stepping lunge,,lower push,strength,,posterior,4,barbell,,
barbell upright row,,upper pull,strength,0,posterior,4,barbell,,
barbell wall sit with pr curl,,upper pull,strength,0,anterior,4,barbell,,
bent knee oblique crunch left,,abs,strength,0,anterior,,,,
bent knee oblique crunch right,,abs,strength,0,anterior,,,,
bent knee whole body crunch,,abs,strength,0,anterior,,,,
bicycle crunch with LEFT ONLY,,abs,strength,0,anterior,,,,
bicycle crunch with RIGHT ONLY,,abs,strength,0,anterior,,,,
bicycle crunch,,abs,strength,0,anterior,,,,
bike recovery,,,,,,,,,
bike sprint.wrong,,,,,,,,,
block jump w-180 turn,,,,1,,,,,
block jump w-90 turn,,,,1,,,,,
block squat,,lower push,strength,,posterior,,,,
boxing left left right right,,,cardio,,,5,boxing gear,,
bridge walk outs,,,,,,,,,
bridge,,,,,,,,,
butt kick jumps,,,,1,,,,,
caterpillar walk outs,,,,,,,,,
caterpillar walkout w 3 pushups,,upper push,strength,,anterior,,,,
caterpillar walkout w modified pushup,,upper push,strength,,anterior,,,,
caterpillar walkout w pushup,,upper push,strength,,anterior,,,,
crunch hold with feet on floor,,abs,strength,0,anterior,,,,
db 1 db half wall sit with front press,,upper push,strength,,anterior,1,db,,
db 1 db lying tricep extension,,,,,,1,db,,
db 1 db overhead half wall sit,,,,,,1,db,,
db 1 db overhead wall sit,,,,,,1,db,,
db 1 db squat with tricep extension,,lower push,strength,,posterior,1,db,,
db 1 db wall sit with front press,,upper push,strength,,anterior,1,db,,
db 1 db wall sit with steering wheel,,,,,,1,db,,
db 1-db front press,,upper push,strength,,anterior,1,db,,
db 1-db half squat with front press,,upper push,strength,,anterior,1,db,,
db 1-db kneeling front press,,upper push,strength,,anterior,1,db,,
db 1-db low sumo squat,,lower push,strength,,posterior,1,db,,
db 1-db oh stepping lunge,,upper push,strength,,anterior,1,db,,
db 1-db oh tricep extension,,upper push,strength,,anterior,1,db,,
db 1-db out up press,,upper push,strength,,anterior,1,db,,
db 1-db reverse lunge with front raise,,lower push,strength,,posterior,1,db,,
db 12-15 upper body crunch,,abs,strength,0,anterior,1,db,,
db alt bent over row 1 arm hold torso,,upper pull,strength,0,posterior,1,db,,
db alternating bent over row,,upper pull,strength,0,posterior,1,db,,
db alternating floor press,,upper push,strength,,anterior,1,db,,
db alternating hammer curl,,upper pull,strength,0,anterior,1,db,,
db ankle hops-calf raises,,,,,,1,db,,
db bent over high row,,upper pull,strength,0,posterior,1,db,,
db bent over reverse flye,,,,,,1,db,,
db diagonal lunge,,lower push,strength,,posterior,1,db,,
db fast alternating curl,,upper pull,strength,0,anterior,1,db,,
db floor press with crunch,,upper push,strength,0,anterior,1,db,,
db floor press with straight leg crunch,,upper push,strength,0,anterior,1,db,,
db floor press,,upper push,strength,,anterior,1,db,,
db front squat,,lower push,strength,,anterior,1,db,,
db half squat hold w l-r air boxing,,lower push,cardio,,posterior,5,boxing gear,,
db half up down with modified push up and row,,cardio,cardio,1,anterior,1,db,,
db half up down with row,,cardio,cardio,1,anterior,1,db,,
db half wall sit with alternating curl,,upper pull,strength,0,anterior,1,db,,
db half wall sit with curl,,upper pull,strength,0,anterior,1,db,,
db half wall sit with hammer curl,,upper pull,strength,0,anterior,1,db,,
db lateral lunge,,lower push,strength,,posterior,1,db,,
db low jump squats,,lower push,cardio,1,posterior,1,db,,
db lunge hold w curl left,,upper pull,strength,0,anterior,1,db,,
db lunge hold w curl right,,upper pull,strength,0,anterior,1,db,,
db lunge hold w row left,,lower push,strength,0,posterior,1,db,,
db lunge hold w row right,,lower push,strength,0,posterior,1,db,,
db lunge hold with curl left leg,,upper pull,strength,0,anterior,1,db,,
db lunge hold with curl right leg,,upper pull,strength,0,anterior,1,db,,
db lunge hold with oh press left,,upper push,strength,,anterior,1,db,,
db lunge hold with oh press right,,upper push,strength,,anterior,1,db,,
db lunge jumps,,lower push,cardio,1,posterior,1,db,,
db modified push up hold with row and kickback,,upper push,strength,0,anterior,1,db,,
db modified push up with row and kickback,,upper push,strength,0,anterior,1,db,,
db modified push with row,,upper push,strength,0,anterior,1,db,,
db narrow grip floor press with crunch,,upper push,strength,0,anterior,1,db,,
db narrow grip floor press with straight leg crunch,,upper push,strength,0,anterior,1,db,,
db narrow grip floor press,,upper push,strength,0,anterior,1,db,,
db power lunge left,,lower push,strength,,posterior,1,db,,
db push up hold with row and kickback,,upper push,strength,0,anterior,1,db,,
db push up hold with row,,upper push,strength,0,anterior,1,db,,
db push up with row and kickback,,upper push,strength,0,anterior,1,db,,
db push up with row,,upper push,strength,0,anterior,1,db,,
db rdl with upright row,,upper pull,strength,0,posterior,1,db,,
db rdl,,,,,,1,db,,
db reverse lunge w curl right,,upper pull,strength,0,anterior,1,db,,
db reverse lunge w curl,,upper pull,strength,0,anterior,1,db,,
db reverse lunge with oh press left,,upper push,strength,,anterior,1,db,,
db reverse lunge with oh press right,,upper push,strength,,anterior,1,db,,
db reverse lunge with oh press,,upper push,strength,,anterior,1,db,,
db reverse lunge,,lower push,strength,,posterior,1,db,,
db single leg wall sit with curl and oh press with right leg,,upper push,strength,0,anterior,1,db,,
db squat hold w l r air boxing,,lower push,cardio,,posterior,5,boxing gear,,
db squat jump oh press,,upper push,strength,1,anterior,1,db,,
db squat w curl,,upper pull,strength,0,anterior,1,db,,
db squat w upright row,,lower push,strength,0,posterior,1,db,,
db squat,,lower push,strength,,posterior,1,db,,
db stationary lunge left,,lower push,strength,,posterior,1,db,,
db stationary lunge right,,lower push,strength,,posterior,1,db,,
db stationary lunge w curl left,,upper pull,strength,0,anterior,1,db,,
db stationary lunge w curl right,,upper pull,strength,0,anterior,1,db,,
db stationary lunge w hip ext left,,lower push,strength,,posterior,1,db,,
db stationary lunge w hip ext right,,lower push,strength,,posterior,1,db,,
db stationary lunge with oh press left,,upper push,strength,,anterior,1,db,,
db stationary lunge with oh press right,,upper push,strength,,anterior,1,db,,
db stepping lunge reverse lunge left,,lower push,strength,,posterior,1,db,,
db stepping lunge reverse lunge right,,lower push,strength,,posterior,1,db,,
db stepping lunge w curl left,,upper pull,strength,0,anterior,1,db,,
db stepping lunge w curl right,,upper pull,strength,0,anterior,1,db,,
db stepping lunge w curl,,upper pull,strength,0,anterior,1,db,,
db stepping lunge w lateral raise,,lower push,strength,,posterior,1,db,,
db stepping lunge with oh press left,,upper push,strength,,anterior,1,db,,
db stepping lunge with oh press right,,upper push,strength,,anterior,1,db,,
db stepping lunge,,lower push,strength,,posterior,1,db,,
db straight leg alternate floor press,,upper push,strength,,anterior,1,db,,
db straight leg floor press,,upper push,strength,,anterior,1,db,,
db sumo squat w upright row,,lower push,strength,0,posterior,1,db,,
db up down w curl,,cardio,cardio,1,anterior,1,db,,
db up down w mod pushup and row,,cardio,cardio,1,anterior,1,db,,
db up down w pushup and jump squat,,cardio,cardio,1,anterior,1,db,,
db up down w pushup and row,,cardio,cardio,1,anterior,1,db,,
db up down w row,,cardio,cardio,1,anterior,1,db,,
db up down with curl and oh press,,cardio,cardio,1,anterior,1,db,,
db up down with row & jump squat,,cardio,cardio,1,anterior,1,db,,
db upright row,,upper pull,strength,0,posterior,1,db,,
db v sit hold with partial rep bicep curl with 1 foot on floor,,upper pull,strength,0,anterior,1,db,,
db v sit hold with partial rep bicep curl,,upper pull,strength,0,anterior,1,db,,
db wall sit with alternating curl,,upper pull,strength,0,anterior,1,db,,
db wall sit with curl and overhead press,,upper push,strength,0,anterior,1,db,,
db wall sit with curl,,upper pull,strength,0,anterior,1,db,,
db wall sit with fast alternating curl,,upper pull,strength,0,anterior,1,db,,
db wall sit with hammer curl,,upper pull,strength,0,anterior,1,db,,
diagonal half up down,,cardio,cardio,1,anterior,,,,
dot jump with 180 turn,,,,1,,,,,
dot jumps with no turn,,,,1,,,,,
dot run,,,,,,,,,
double bicycle crunch,,abs,strength,0,anterior,,,,
dumbbell modified push up hold with row,,upper push,strength,0,anterior,,med ball,,
elbow to knee twist crunch with left only,,abs,strength,0,anterior,,,,
elbow to knee twist crunch with right only,,abs,strength,0,anterior,,,,
elbow to knee twist crunch,,abs,strength,0,anterior,,,,
gremlin run,,,,,,,,,
hack squat hold,,lower push,strength,,posterior,,,,
hack squat sumo squat combo,,lower push,strength,,posterior,,med ball,,
half ROM crunch with feet off floor,,abs,strength,0,anterior,,,,
half ROM crunch with feet on floor,,abs,strength,0,anterior,,,,
half ROM twist crunch,,abs,strength,0,anterior,,,,
half squat hold,,lower push,strength,,posterior,,,,
half squat with front kick,,lower push,strength,,anterior,,,,
half sumo squat hold,,lower push,strength,,posterior,,,,
half up down plank jack combo,,cardio,cardio,1,anterior,,med ball,,
half up down with modified push up,,cardio,cardio,1,anterior,,,,
half up down with push up,,cardio,cardio,1,anterior,,,,
half up down,,cardio,cardio,1,anterior,,,,
half wall sit with arms held out front,,,,,,,,,
half wall sit with foam roll,,,,,,,,,
high knees,,,,,,,,,
hip turns,,,,,,,,,
jogging butt kicks,,,,,,,,,
jumping jacks.good,,,,1,,,,,
ladder 2 foot diagonal hops inside,,,,,,,,,
ladder 2 foot diagonal hops on outside,,,,,,,,,
ladder in and out fast feet,,,,,,,,,
ladder in and out hop backwards,,,,,,,,,
ladder in and out hop forward,,,,,,,,,
ladder in and out squat jacks backwards,,lower push,strength,,posterior,,,,
ladder in and out squat jacks,,lower push,strength,,posterior,,,,
ladder scissors,,,,,,,,,
ladder single leg diagonal hops inside,,,,,,,,,
lateral flexion shoulder blades down,,cardio,cardio,1,anterior,,,,
lateral lunge,,lower push,strength,,posterior,,,,
lateral skips,,,,,,,,,
linear jump to hack squat,,lower push,cardio,1,posterior,,,,
linear low hurdle with no jump turn (do not turn over handle),,,,1,,,,,
low hurdle lateral hop,,,,,,,,,
low hurdle single leg lateral hop,,,,,,,,,
low jump squat,,lower push,cardio,1,posterior,,,,
low lateral skips,,,,,,,,,
low lunge jumps,,lower push,cardio,1,posterior,,,,
low speed squat,,lower push,strength,,posterior,,,,
low sumo jump squat,,lower push,cardio,1,posterior,,,,
low sumo squat,,lower push,strength,,posterior,,,,
lower body bicycle,,,,,,,,,
lower body crunch w sl pelvic lift,,abs,strength,0,anterior,,,,
lower body crunch,,abs,strength,0,anterior,,,,
lower body supermans with hands under chin,,,,,,,,,
marching half wall sit,,,,,,,,,
marching pelvic lift 120 degree bend in knee,,,,,,,,,
marching pelvic lift,,,,,,,,,
marching planks,,,,,,,,,
marching wall sit,,,,,,,,,
mb bent over row,,upper pull,strength,0,posterior,,med ball,,
mb bicep curl,,upper pull,strength,0,anterior,,med ball,,
mb bridge,,,,,,,med ball,,
mb curl oh press tricep extension,,upper push,strength,0,anterior,,med ball,,
mb curl w front press,,upper push,strength,0,anterior,,med ball,,
mb curl w oh press,,upper push,strength,0,anterior,,med ball,,
mb diagonal chop left,,,,,,,med ball,,
mb diagonal chop right,,,,,,,med ball,,
mb front chop with jump,,,,1,,,med ball,,
mb front chop,,,,,,,med ball,,
mb front press,,upper push,strength,,anterior,,med ball,,
mb half squat hold w curl,,upper pull,strength,0,anterior,,med ball,,
mb half squat hold,,lower push,strength,,posterior,,med ball,,
mb half wall sit with curl and overhead press,,upper push,strength,0,anterior,,med ball,,
mb half wall sit with curl,,upper pull,strength,0,anterior,,med ball,,
mb jump squat,,lower push,cardio,1,posterior,,med ball,,
mb kneeling big circles,,,,,,,med ball,,
mb lateral skip w front press,,upper push,strength,,anterior,,med ball,,
mb low sumo jump squat,,lower push,cardio,1,posterior,,med ball,,
mb low sumo squat,,lower push,strength,,posterior,,med ball,,
mb lunge jump w oh press left,,upper push,strength,1,anterior,,med ball,,
mb lunge jump w oh press right leg,,upper push,strength,1,anterior,,med ball,,
mb lunge jump w oh press,,upper push,strength,1,anterior,,med ball,,
mb modified rolling push up,,upper push,strength,,anterior,,med ball,,
mb modified traveling push up,,upper push,strength,,anterior,,med ball,,
mb oh calf raise,,upper push,strength,,anterior,,med ball,,
mb oh press w tricep ext,,upper push,strength,,anterior,,med ball,,
mb oh reverse lunge,,upper push,strength,,anterior,,med ball,,
mb oh stepping lunge,,upper push,strength,,anterior,,med ball,,
mb out up press,,upper push,strength,,anterior,,med ball,,
mb rdls,,,,,,,med ball,,
mb reverse lunge w front raise,,lower push,strength,,posterior,,med ball,,
mb reverse lunge w twist,,lower push,strength,,posterior,,med ball,,
mb reverse lunge with oh press at top,,upper push,strength,,anterior,,med ball,,
mb rolling push up,,upper push,strength,,anterior,,med ball,,
mb russian twist,,,,,,,med ball,,
mb single leg extension left,,,,,,,med ball,,
mb single leg hip extension right,,,,,,,med ball,,
mb single leg wall sit with curl and overhead press on left leg,,upper push,strength,0,anterior,,med ball,,
mb speed bicep curl,,upper pull,strength,0,anterior,,med ball,,
mb speed squat,,lower push,strength,,posterior,,med ball,,
mb squat curl oh press,,upper push,strength,0,anterior,,med ball,,
mb squat hold w curl and front press,,upper push,strength,0,anterior,,med ball,,
mb squat hold w curl,,upper pull,strength,0,anterior,,med ball,,
mb squat hold,,lower push,strength,,posterior,,med ball,,
mb squat jump w front press,,upper push,strength,1,anterior,,med ball,,
mb squat w bicep curl,,upper pull,strength,0,anterior,,med ball,,
mb squat w front press at bottom,,upper push,strength,,anterior,,med ball,,
mb squat w front press at top,,upper push,strength,,anterior,,med ball,,
mb squat with oh press,,upper push,strength,,anterior,,med ball,,
mb squat,,lower push,strength,,posterior,,med ball,,
mb standing big circle,,,,,,,med ball,,
mb stepping lunge w twist,,lower push,strength,,posterior,,med ball,,
mb straight arm crunch with alternating hip flexion,,abs,strength,0,anterior,,med ball,,
mb sumo jump squat,,lower push,cardio,1,posterior,,med ball,,
mb sumo squat hold w curl,,upper pull,strength,0,anterior,,med ball,,
mb sumo squat hold w front press,,upper push,strength,,anterior,,med ball,,
mb sumo squat hold,,lower push,strength,,posterior,,med ball,,
mb sumo squat w curl,,upper pull,strength,0,anterior,,med ball,,
mb sumo squat,,lower push,strength,,posterior,,med ball,,
mb traveling push up,,upper push,strength,,anterior,,med ball,,
mb tricep extension,,,,,,,med ball,,
mb up down w oh press,,cardio,cardio,1,anterior,,med ball,,
mb up down,,cardio,cardio,1,anterior,,med ball,,
mb v sit hold with front press and 1 foot down,,cardio,cardio,1,anterior,,med ball,,
mb v sit hold with front press and both feet up,,upper push,strength,,anterior,,med ball,,
mb v sit twist with 1 foot on floor,,,,,,,med ball,,
mb v sit twist with both feet off floor,,,,,,,med ball,,
mb wall sit with curl and overhead press,,upper push,strength,0,anterior,,med ball,,
mb wall sit with curl,,upper pull,strength,0,anterior,,med ball,,
mb wall sit with front press,,upper push,strength,,anterior,,med ball,,
modified half rom push up,,upper push,strength,,anterior,,,,
modified plank up push up combo,,upper push,strength,,anterior,,med ball,,
modified plank up,,,,,,,,,
modified plank,,,,,,,,,
modified push up 90 degree hold,,upper push,strength,,anterior,,,,
modified push up with rotation,,upper push,strength,,anterior,,,,
modified push up,,upper push,strength,,anterior,,,,
modified side plank with abduction,,,,,,,,,
modified side plank with dip,,,,,,,,,
modified side plank with rotation,,,,,,,,,
modified side plank,,,,,,,,,
modified sphinx push up,,upper push,strength,,anterior,,,,
modified tricep push up,,upper push,strength,,anterior,,,,
modified wide narrow push up combo,,upper push,strength,0,anterior,,med ball,,
mountain climbers,,,,,,,med ball,,
one dumbbell lying tricep extension with crunch,,abs,strength,0,anterior,,med ball,,
opposite arm opposite leg bird dog,,,,,,,,,
partial rep high knees,,,,,,,,,
pelvic lift,,,,,,,,,
plank jack with elbows,,,,,,,,,
plank jacks,,,,,,,,,
plank ups,,,,,,,,,
plank with lower body twists,,,,,,,,,
plank,,,,,,,,,
pose ball SL opposite arm opposite leg crunch left,,abs,strength,0,anterior,,,,
pose ball SL opposite arm opposite leg crunch right,,abs,strength,0,anterior,,,,
pose ball hand to foot exchange,,,,,,,,,
pose ball straight arm upper body twist crunch,,abs,strength,0,anterior,,,,
pose ball v sit twists with 1 foot on ground,,,,,,,,,
pose ball v sit twists with ball btw feet,,,,,,,,,
prone low hurdle lateral hops,,,,,,,,,
prone swimmers,,,,,,,,,
push up hold at 90 degrees,,upper push,strength,,anterior,,,,
push up hold opp arm opp leg,,upper push,strength,,anterior,,,,
push up hold with shoulder touch,,upper push,strength,,anterior,,,,
push up to plank jack,,upper push,strength,,anterior,,,,
push up with hip extension,,upper push,strength,,anterior,,,,
push up with hip flexion,,upper push,strength,,anterior,,,,
push up with rotation,,upper push,strength,,anterior,,,,
push up with wide hip flexion,,upper push,strength,,anterior,,,,
reverse lunge left leg,,lower push,strength,,posterior,,,,
reverse lunge with front kick left,,lower push,strength,,posterior,,,,
reverse lunge with front kick right,,lower push,strength,,posterior,,,,
reverse lunge with front kick,,lower push,strength,,posterior,,,,
reverse lunge,,lower push,strength,,posterior,,,,
scissors,,,,,,,,,
side plank with abduction,,,,,,,,,
side plank with dip,,,,,,,,,
side plank with rotation,,,,,,,,,
side plank,,,,,,,,,
single leg lunge jump left,,lower push,cardio,1,posterior,,,,
single leg pelvic lift left 120 degree,,,,,,,,,
single leg pelvic lift left,,,,,,,,,
single leg pelvic lift right 120 degrees,,,,,,,,,
sphinx push ups,,upper push,strength,,anterior,,,,
squat dot jump squat,,lower push,cardio,1,posterior,,,,
squat hold,,lower push,strength,,posterior,,,,
squat jacks,,lower push,strength,,posterior,,,,
squat jumps,,lower push,cardio,1,posterior,,,,
squat with alt hip extension,,lower push,strength,,posterior,,,,
squat with alt hip flexion,,lower push,strength,,posterior,,,,
squat with front kicks,,lower push,strength,,anterior,,,,
squat with hip turns,,lower push,strength,,posterior,,,,
stability ball alternating single leg bridge,,,,,,,,,
stability ball alternating single leg curl,,upper pull,strength,0,anterior,,,,
stability ball alternating single leg pelvic lift,,,,,,,,,
stability ball bridge,,,,,,,,,
stability ball crunch,,abs,strength,0,anterior,,,,
stability ball hyper extension,,,,,,,,,
stability ball leg extensions,,,,,,,,,
stability ball marching plank elbows on ball,,,,,,,,,
stability ball modified pike knees to chest,,,,,,,,,
stability ball modified roll out,,,,,,,,,
stability ball pelvic lift,,,,,,,,,
stability ball pike,,,,,,,,,
stability ball plank elbows on ball,,,,,,,,,
stability ball push up hands on ball,,upper push,strength,,anterior,,,,
stability ball push up hold with feet on ball,,upper push,strength,,anterior,,,,
stability ball push up hold with hip extension and hands on ball,,upper push,strength,,anterior,,,,
stability ball push up with feet on ball,,upper push,strength,,anterior,,,,
stability ball twist crunch,,abs,strength,0,anterior,,,,
standing twist crunch,,abs,strength,0,anterior,,,,
star jumps,,,,1,,,,,
stationary lateral lunge,,lower push,strength,,posterior,,,,
stationary lunge left,,lower push,strength,,posterior,,,,
stationary lunge right,,lower push,strength,,posterior,,,,
stationary lunge with hip ext left,,lower push,strength,,posterior,,,,
step lateral step run,,,,,,,,,
step step up with hip flexion,,,,,,,,,
stepping lunge lateral lunge left,,lower push,strength,,posterior,,,,
stepping lunge lateral lunge right,,lower push,strength,,posterior,,,,
stepping lunge,,lower push,strength,,posterior,,,,
straight arm upper body crunch,,abs,strength,0,anterior,,,,
straight arm whole body crunch,,abs,strength,0,anterior,,,,
straight leg 3 way pelvic lift,,,,,,,,,
straight leg cross over crunch left,,abs,strength,0,anterior,,,,
straight leg cross over crunch right,,abs,strength,0,anterior,,,,
straight leg cross over crunch,,abs,strength,0,anterior,,,,
straight leg crunch hold reaching for toes,,abs,strength,0,anterior,,,,
straight leg flutter kicks,,,,,,,,,
straight leg half ROM crunch,,abs,strength,0,anterior,,,,
straight leg half ROM twist crunch,,abs,strength,0,anterior,,,,
straight leg lift with pelvic lift,,,,,,,,,
straight leg oblique crunch left,,abs,strength,0,anterior,,,,
straight leg oblique crunch right,,abs,strength,0,anterior,,,,
straight leg pelvic lift with twist,,,,,,,,,
straight leg pelvic lift,,,,,,,,,
straight leg twisting crunch,,abs,strength,0,anterior,,,,
straight leg upper body crunch,,abs,strength,0,anterior,,,,
straight leg upper body twist crunch with ball held above chest,,abs,strength,0,anterior,,,,
straight leg whole body crunch,,abs,strength,0,anterior,,,,
sumo squat hold,,lower push,strength,,posterior,,,,
sumo squats,,lower push,strength,,posterior,,,,
superman hold,,,,,,,,,
supermans,,,,,,,,,
suspension chest press,,upper push,strength,,anterior,3,suspension,,
thai plank,,,,,,,,,
tricep push up,,upper push,strength,,anterior,,,,
tuck jump butt kick combo,,,,1,,,med ball,,
up down mod pushup squat,,cardio,cardio,1,anterior,,,,
up down w pushup and jump,,cardio,cardio,1,anterior,,,,
up down w- jump,,cardio,cardio,1,anterior,,,,
up down w-butt kick jump,,cardio,cardio,1,anterior,,,,
up down with modified pushup,,cardio,cardio,1,anterior,,,,
up down with squat,,cardio,cardio,1,anterior,,,,
up down with stepping lunge,,cardio,cardio,1,anterior,,,,
up down with tuck jump,,cardio,cardio,1,anterior,,,,
up down,,cardio,cardio,1,anterior,,,,
upper body crunch hold with feet on floor,,abs,strength,0,anterior,,,,
upper body crunch with feet on floor,,abs,strength,0,anterior,,,,
upper body speed crunch,,abs,strength,0,anterior,,,,
upper body twist crunch feet on floor,,abs,strength,0,anterior,,,,
upper body twist crunch left,,abs,strength,0,anterior,,,,
upper body twist crunch right,,abs,strength,0,anterior,,,,
v sit hold with left cross 1 foot on floor,,,,,,,,,
v sit hold with left cross feet off floor,,,,,,,,,
v sit hold with right cross and 1 foot on floor,,,,,,,,,
v sit hold with right cross feet off floor,,,,,,,,,
v sit hold with right cross,,,,,,,,,
v sit hold with scissors,,,,,,,,,
v sit hold,,,,,,,,,
v sit twist 1 foot on floor,,,,,,,,,
v sit twist both feet off floor,,,,,,,,,
v sit twist both feet on floor,,,,,,,,,
v sit twist w left cross 1 foot on floor,,,,,,,,,
v ups,,,,,,,,,
versa bag ankle hops,,,,,,,,,
versa bag calf raise,,,,,,,,,
versa bag front squat,,lower push,strength,,anterior,,,,
versa bag half squat hold,,lower push,strength,,posterior,,,,
versa bag half wall sit,,,,,,,,,
versa bag jump squat,,lower push,cardio,1,posterior,,,,
versa bag low jump squat,,lower push,cardio,1,posterior,,,,
versa bag low speed squat,,lower push,strength,,posterior,,,,
versa bag reverse lunge,,lower push,strength,,posterior,,,,
versa bag right stepping and reverse lunge combo,,lower push,strength,,posterior,,med ball,,
versa bag speed squat,,lower push,strength,,posterior,,,,
versa bag squat hold,,lower push,strength,,posterior,,,,
versa bag squat,,lower push,strength,,posterior,,,,
versa bag stepping lunge reverse lunge combo left,,lower push,strength,,posterior,,med ball,,
versa bag stepping lunge,,lower push,strength,,posterior,,,,
versa bag wall sit,,,,,,,,,
versa log bent over high row,,upper pull,strength,0,posterior,,,,
versa log bent over low row,,upper pull,strength,0,posterior,,,,
versa log front squat,,lower push,strength,,anterior,,,,
versa log jump squat w oh press,,upper push,strength,1,anterior,,,,
versa log jump squat,,lower push,cardio,1,posterior,,,,
versa log low speed squat,,lower push,strength,,posterior,,,,
versa log lunge jumps,,lower push,cardio,1,posterior,,,,
versa log modified traveling plyo push up,,upper push,strength,,anterior,,,,
versa log modified traveling push up,,upper push,strength,,anterior,,,,
versa log modified tricep push up,,upper push,strength,,anterior,,,,
versa log oh press,,upper push,strength,,anterior,,,,
versa log prone lateral hop,,,,,,,,,
versa log rdl curl oh press,,upper push,strength,0,anterior,,,,
versa log rdl w row at bottom,,upper pull,strength,0,posterior,,,,
versa log rdl,,,,,,,,,
versa log reverse lunge,,lower push,strength,,posterior,,,,
versa log squat curl oh press,,upper push,strength,0,anterior,,,,
versa log squat hold,,lower push,strength,,posterior,,,,
versa log squat w oh press,,upper push,strength,,anterior,,,,
versa log stepping lunge,,lower push,strength,,posterior,,,,
versa log traveling push up,,upper push,strength,,anterior,,,,
wall sit with foam roll,,,,,,,,,
wall sit,,,,,,,,,
whole body crunch with pose ball btw feet,,abs,strength,0,anterior,,,,
whole body crunch,,abs,strength,0,anterior,,,,
wide narrow push up combo,,upper push,strength,0,anterior,,med ball,,
wp bent over row,,upper pull,strength,0,posterior,,,,
wp curl press oh extension,,upper push,strength,0,anterior,,,,
wp curl with oh press,,upper push,strength,0,anterior,,,,
wp floor press with crunch,,upper push,strength,0,anterior,,,,
wp floor press with straight leg crunch,,upper push,strength,0,anterior,,,,
wp floor press,,upper push,strength,,anterior,,,,
wp front chop,,,,,,,,,
wp front squats,,lower push,strength,,anterior,,,,
wp half wall sit with wp on lap,,,,,,,,,
wp hammer curl,,upper pull,strength,0,anterior,,,,
wp lateral lunge,,lower push,strength,,posterior,,,,
wp lateral skip w front press,,upper push,strength,,anterior,,,,
wp lateral skip,,,,,,,,,
wp low speed squat,,lower push,strength,,posterior,,,,
wp lying tricep extension,,,,,,,,,
wp oh jump squat,,upper push,strength,1,anterior,,,,
wp oh reverse lunge,,upper push,strength,,anterior,,,,
wp oh stepping lunge,,upper push,strength,,anterior,,,,
wp out up press,,upper push,strength,,anterior,,,,
wp partial rep bent over row,,upper pull,strength,0,posterior,,,,
wp partial rom floor press,,upper push,strength,,anterior,,,,
wp power lunge left,,lower push,strength,,posterior,,,,
wp power lunge right,,lower push,strength,,posterior,,,,
wp rdl,,,,,,,,,
wp reverse lunge w front kick,,lower push,strength,,posterior,,,,
wp reverse lunge w hip flexion,,lower push,strength,,posterior,,,,
wp reverse lunge w twist,,lower push,strength,,posterior,,,,
wp reverse lunge,,lower push,strength,,posterior,,,,
wp russian twist,,,,,,,,,
wp speed hammer curl,,upper pull,strength,0,anterior,,,,
wp speed squat,,lower push,strength,,posterior,,,,
wp squat hold with front press,,upper push,strength,,anterior,,,,
wp squat,,lower push,strength,,posterior,,,,
wp stability ball chest press,,upper push,strength,,anterior,,,,
wp stationary lunge left,,lower push,strength,,posterior,,,,
wp stationary lunge right,,lower push,strength,,posterior,,,,
wp stationary lunge w hip ext left,,lower push,strength,,posterior,,,,
wp stationary lunge w hip ext right,,lower push,strength,,posterior,,,,
wp stepping lunge lateral lunge left,,lower push,strength,,posterior,,,,
wp stepping lunge lateral lunge right,,lower push,strength,,posterior,,,,
wp stepping lunge reverse lunge combo with right,,lower push,strength,,posterior,,med ball,,
wp stepping lunge reverse lunge left,,lower push,strength,,posterior,,,,
wp stepping lunge reverse lunge right,,lower push,strength,,posterior,,,,
wp stepping lunge w twist,,lower push,strength,,posterior,,,,
wp stepping lunge,,lower push,strength,,posterior,,,,
wp v sit hold with front press and one foot on floor,,upper push,strength,,anterior,,,,
wp v sit hold with front press,,upper push,strength,,anterior,,,,
wp v sit twist with 1 foot on floor,,,,,,,,,
wp v sit twist,,,,,,,,,
wp wall sit with curl and overhead press,,upper push,strength,0,anterior,,,,
wp wall sit with front press,,upper push,strength,,anterior,,,,
wp wall sit with steering wheel,,,,,,,,,
wp wall sit with wp on lap,,,,,,,,,
alternating single leg half up down,,cardio,cardio,1,anterior,,,,
linear low hurdle with no jump turn (do not turn over handle),,,,1,,,,,
suspension low row,,upper pull,strength,0,posterior,3,suspension,,
2 leg figure 8 dot jump,,,,1,,,,,
boat hold with arms and legs parallel,,,,,,,,,
boxing 180 degree turn jump with left right,,,cardio,1,,5,boxing gear,,
boxing 90 degree turn jump with left right,,,cardio,1,,5,boxing gear,,
boxing ankle hop with left right,,,cardio,,,5,boxing gear,,
boxing butt kick jump with left right,,,cardio,1,,5,boxing gear,,
boxing fast bilateral left right,,,cardio,,,5,boxing gear,,
boxing half squat hold with fast left right,,lower push,cardio,,posterior,5,boxing gear,,
boxing half wall sit with bilateral left right,,,cardio,,,5,boxing gear,,
boxing half wall sit with fast left right,,,cardio,,,5,boxing gear,,
boxing high hook hook low hook hook,,,cardio,,,5,boxing gear,,
boxing hip turn with left right,,,cardio,,,5,boxing gear,,
boxing lateral skip with left right,,,cardio,,,5,boxing gear,,
boxing left left right jab jab cross,,,cardio,,,5,boxing gear,,
boxing left left right,,,cardio,,,5,boxing gear,,
boxing left right left left,,,cardio,,,5,boxing gear,,
boxing low jump squat with left right,,lower push,cardio,1,posterior,5,boxing gear,,
boxing low lunge jump with left right,,lower push,cardio,1,posterior,5,boxing gear,,
boxing low speed squat with left right,,lower push,cardio,,posterior,5,boxing gear,,
boxing lunge jump with left right,,lower push,cardio,1,posterior,5,boxing gear,,
boxing reverse lunge with left right at top,,lower push,cardio,,posterior,5,boxing gear,,
boxing right cross jump turn left cross,,,cardio,1,,5,boxing gear,,
boxing right left right right,,,cardio,,,5,boxing gear,,
boxing right right left left,,,cardio,,,5,boxing gear,,
boxing speed squat with left right,,lower push,cardio,,posterior,5,boxing gear,,
boxing squat hold with bilateral left right,,lower push,cardio,,posterior,5,boxing gear,,
boxing squat hold with fast left right,,lower push,cardio,,posterior,5,boxing gear,,
boxing squat with left right,,lower push,cardio,,posterior,5,boxing gear,,
boxing stepping lunge with left right from bottom,,lower push,cardio,,posterior,5,boxing gear,,
boxing tuck jump with left right,,,cardio,1,,5,boxing gear,,
boxing up down with jump and left right,,cardio,cardio,1,anterior,5,boxing gear,,
boxing up down with left right,,cardio,cardio,1,anterior,5,boxing gear,,
boxing up down with modified push up and left right,,cardio,cardio,1,anterior,5,boxing gear,,
boxing up down with push up and left right,,cardio,cardio,1,anterior,5,boxing gear,,
boxing upper cut fast left right,,,cardio,,,5,boxing gear,,
boxing wall sit with bilateral left right,,,cardio,,,5,boxing gear,,
boxing wall sit with fast left right,,,cardio,,,5,boxing gear,,
continuous bilateral left right with squat,,lower push,strength,,posterior,,,,
continuous left right with squat,,lower push,strength,,posterior,,,,
db 1 db lying tricep extension with crunch,,abs,strength,0,anterior,1,db,,
db 1 db reverse power lunge with oh press left,,upper push,strength,,anterior,1,db,,
db 1 db reverse power lunge with oh press right,,upper push,strength,,anterior,1,db,,
db 1 db single leg wall sit with curl and oh press with left,,upper push,strength,0,anterior,1,db,,
db 1 db single leg wall sit with curl and oh press with right,,upper push,strength,0,anterior,1,db,,
db 1 db sumo squat with front raise,,lower push,strength,,anterior,1,db,,
db alternating floor press with straight leg crunch,,upper push,strength,0,anterior,1,db,,
db alternating hammer curl with oh press,,upper push,strength,0,anterior,1,db,,
db bent over row,,upper pull,strength,0,posterior,1,db,,
db fast alternating curl,,upper pull,strength,0,anterior,1,db,,
db floor press with hips up and feet in suspension,,upper push,strength,,anterior,3,suspension,,
db hack squat with lateral raise on way up,,lower push,strength,,posterior,1,db,,
db half rom hack squat with alternating oh press,,upper push,strength,,anterior,1,db,,
db modified push up hold with row,,upper push,strength,0,anterior,1,db,,
db power lunge right,,lower push,strength,,posterior,1,db,,
db pulsing lunge with oh press left,,upper push,strength,,anterior,1,db,,
db reverse lunge with curl left,,upper pull,strength,0,anterior,1,db,,
db squat clean & oh jump press,,upper push,strength,1,anterior,1,db,,
db squat jump with upright row,,lower push,cardio,1,posterior,1,db,,
db stationary lunge with oh press on right leg,,upper push,strength,,anterior,1,db,,
db stepping lunge and oh press,,upper push,strength,,anterior,1,db,,
db v sit hold with partial rep bicep curl and 1 foot on floor,,upper pull,strength,0,anterior,1,db,,
high knees with fast left right,,,,,,,,,
lateral flexion crunch with shoulder blades up,,abs,strength,0,anterior,,,,
low push up hold with hip extension,,upper push,strength,,anterior,,,,
marching half wall sit,,,,,,,,,
marching sumo squat hold,,lower push,strength,,posterior,,,,
marching wall sit,,,,,,,,,
mb single leg wall sit with curl and oh press with left leg,,upper push,strength,0,anterior,,med ball,,
mb single leg wall sit with curl and oh press with right leg,,upper push,strength,0,anterior,,med ball,,
mb squat curl and oh press,,upper push,strength,0,anterior,,med ball,,
mb squat hold with front press,,upper push,strength,,anterior,,med ball,,
mb squat with oh press and alternating abduction,,upper push,strength,,anterior,,med ball,,
mb sumo wall sit with front chop,,,,,,,med ball,,
mb v sit with three way press,,upper push,strength,,anterior,,med ball,,
mb wall sit with front chop,,,,,,,med ball,,
modified plank ups with feet in straps,,,,,,,,,
modified pr push up plank up combo,,upper push,strength,,anterior,,med ball,,
modified push up plank up combo with feet in straps,,upper push,strength,,anterior,,med ball,,
modified sphinx push ups with feet in straps,,upper push,strength,,anterior,,,,
modified tricep push ups with feet in straps,,upper push,strength,,anterior,,,,
opposite arm and leg marching plank,,,,,,,,,
plank jack on hands,,,,,,,,,
plank superman combo,,,,,,,med ball,,
pulsing straight leg crunch,,abs,strength,0,anterior,,,,
pulsing whole body crunch,,abs,strength,0,anterior,,,,
push up hold to side plank,,upper push,strength,,anterior,,,,
push up plank up combo,,upper push,strength,,anterior,,med ball,,
push up to side plank,,upper push,strength,,anterior,,,,
push up with shoulder touch and march,,upper push,strength,,anterior,,,,
rolling plank,,,,,,,,,
sb hip thrust hold with chest press,,upper push,strength,,anterior,,,,
sb low hack squat,,lower push,strength,,posterior,,,,
sb low speed squat,,lower push,strength,,posterior,,,,
single leg figure 8 dot jumps,,,,1,,,,,
single leg pelvic lift right,,,,,,,,,
squat with versa log squeeze,,lower push,strength,,posterior,,,,
stability ball alternating single leg squat,,lower push,strength,,posterior,,,,
stability ball hack squat,,lower push,strength,,posterior,,,,
stability ball hip thrust,,,,,,,,,
stability ball leg curl with hips up on curl,,upper pull,strength,0,anterior,,,,
stability ball leg curl,,upper pull,strength,0,anterior,,,,
stability ball pelvic lift,,,,,,,,,
stability ball power lunge left,,lower push,strength,,posterior,,,,
stability ball push up hold with hands on ball,,upper push,strength,,anterior,,,,
stability ball reverse lunge,,lower push,strength,,posterior,,,,
stability ball squat,,lower push,strength,,posterior,,,,
stationary lateral lunge,,lower push,strength,,posterior,,,,
step 1 db lying extension,,,,,,1,db,,
step 2 db lying extension,,,,,,1,db,,
step alternating single leg linear step jump,,,,1,,,,,
step body bar chest press,,upper push,strength,,anterior,,,,
step body bar linear step up with oh press,,upper push,strength,,anterior,,,,
step body bar lying tricep extension,,,,,,,,,
step body bar squat lateral step squat,,lower push,strength,,posterior,,,,
step body bar step up with curl,,upper pull,strength,0,anterior,,,,
step body bar step up with hip flexion,,,,,,,,,
step calf raise,,,,,,,,,
step db chest flye,,,,,,1,db,,
step db chest press,,upper push,strength,,anterior,1,db,,
step db linear step up with oh press,,upper push,strength,,anterior,1,db,,
step db step up with curl,,upper pull,strength,0,anterior,1,db,,
step incline push ups with chest above step,,upper push,strength,,anterior,,,,
step jacks,,,,,,,,,
step lateral squat with abduction left,,lower push,strength,,posterior,,,,
step lateral squat with abduction right,,lower push,strength,,posterior,,,,
step lateral step jump,,,,1,,,,,
step lateral step tap,,,,,,,,,
step lateral step up with abduction left,,,,,,,,,
step lateral step up with abduction right,,,,,,,,,
step lateral step up with hip flexion left,,,,,,,,,
step lateral step up with hip flexion right,,,,,,,,,
step linear step jump,,,,1,,,,,
step linear step run,,,,,,,,,
step linear step tap,,,,,,,,,
step low crab walk up,,,,,,,,,
step mb lateral squat with abduction and curl left,,upper pull,strength,0,anterior,,med ball,,
step mb lateral squat with abduction and curl right,,upper pull,strength,0,anterior,,med ball,,
step mb lateral squat with oh press with left,,upper push,strength,,anterior,,med ball,,
step mb lateral squat with oh press with right,,upper push,strength,,anterior,,med ball,,
step mb lateral step run,,,,,,,med ball,,
step mb lateral step up with abduction and OH press right,,upper push,strength,,anterior,,med ball,,
step mb lateral step up with abduction and curl left,,upper pull,strength,0,anterior,,med ball,,
step mb lateral step up with abduction and curl right,,upper pull,strength,0,anterior,,med ball,,
step mb lateral step up with abduction and oh press with left,,upper push,strength,,anterior,,med ball,,
step mb linear step run,,,,,,,med ball,,
step mb linear step up with front press,,upper push,strength,,anterior,,med ball,,
step mb linear step up with oh press,,upper push,strength,,anterior,,med ball,,
step mb oh lateral step,,upper push,strength,,anterior,,med ball,,
step mb single leg linear step jump with oh press left,,upper push,strength,1,anterior,,med ball,,
step mb single leg linear step jump with oh press right,,upper push,strength,1,anterior,,med ball,,
step mb squat with front press lateral step squat with front press,,upper push,strength,,anterior,,med ball,,
step mb squat with front press lateral step up squat with front press,,upper push,strength,,anterior,,med ball,,
step modified step plyo push up,,upper push,strength,,anterior,,,,
step modified step walk ups with hip extension,,,,,,,,,
step modified step walk ups,,,,,,,,,
step modified traveling step plyo push up,,upper push,strength,,anterior,,,,
step modified traveling step push ups,,upper push,strength,,anterior,,,,
step prone lateral step jumps,,,,1,,,,,
step reverse step walk ups,,,,,,,,,
step single leg lateral step jump with hip flexion with the left,,,,1,,,,,
step single leg lateral step jump with hip flexion with the right,,,,1,,,,,
step single leg linear step jump with left,,,,1,,,,,
step single leg linear step jump with right,,,,1,,,,,
step single leg linear step up left,,,,,,,,,
step single leg linear step up right,,,,,,,,,
step single leg linear step up with hip flexion left,,,,,,,,,
step single leg linear step up with hip flexion right,,,,,,,,,
step single leg step dips,,,,,,,,,
step split squat left,,lower push,strength,,posterior,,,,
step split squat right,,lower push,strength,,posterior,,,,
step squat lateral step jump squat,,lower push,cardio,1,posterior,,,,
step squat lateral step squat,,lower push,strength,,posterior,,,,
step squat lateral step up squat,,lower push,strength,,posterior,,,,
step squat linear step jump squat,,lower push,cardio,1,posterior,,,,
step squat linear step up squat,,lower push,strength,,posterior,,,,
step step decline push ups,,upper push,strength,,anterior,,,,
step step dips,,,,,,,,,
step step plank jack,,,,,,,,,
step step up down with lateral step jump,,cardio,cardio,1,anterior,,,,
step step up down with push up and lateral step jump,,cardio,cardio,1,anterior,,,,
step step up with hip flexion and extension,,,,,,,,,
step step walk up with hip extension,,,,,,,,,
step step walk ups,,,,,,,,,
step traveling step push up,,upper push,strength,,anterior,,,,
step up with hip extension,,,,,,,,,
step versa bag lateral step run,,,,,,,,,
step versa bag linear step run,,,,,,,,,
step versa bag single leg lateral step up with hip flexion left,,,,,,,,,
step versa bag single leg lateral step up with hip flexion right,,,,,,,,,
step versa bag single leg step up with hip extension left,,,,,,,,,
step versa bag single leg step up with hip extension right,,,,,,,,,
step versa bag single leg step up with hip flexion left,,,,,,,,,
step versa bag single leg step up with hip flexion right,,,,,,,,,
step versa bag squat lateral step squat,,lower push,strength,,posterior,,,,
step versa bag squat lateral step up squat,,lower push,strength,,posterior,,,,
step versa bag squat linear step up squat,,lower push,strength,,posterior,,,,
step versa bag step up with hip extension,,,,,,,,,
step versa bag step up with hip flexion,,,,,,,,,
step wide push up step walk up tricep push up,,upper push,strength,,anterior,,,,
step wp chest press,,upper push,strength,,anterior,,,,
step wp lateral step run,,,,,,,,,
step wp lateral step up with curl,,upper pull,strength,0,anterior,,,,
step wp linear step run,,,,,,,,,
step wp linear step up with curl,,upper pull,strength,0,anterior,,,,
step wp linear step up with oh press,,upper push,strength,,anterior,,,,
step wp partial rep chest press,,upper push,strength,,anterior,,,,
step wp single leg lateral step up with hip flexion left,,,,,,,,,
step wp single leg lateral step up with hip flexion right,,,,,,,,,
step wp single leg step up left leg,,,,,,,,,
step wp single leg step up with hip extension left,,,,,,,,,
step wp single leg step up with hip extension right,,,,,,,,,
step wp single leg step up with hip flexion left,,,,,,,,,
step wp single leg step up with hip flexion right,,,,,,,,,
step wp single leg step up with right leg,,,,,,,,,
step wp squat lateral step squat,,lower push,strength,,posterior,,,,
step wp squat lateral step up squat,,lower push,strength,,posterior,,,,
step wp squat linear step up squat,,lower push,strength,,posterior,,,,
step wp step up with curl,,upper pull,strength,0,anterior,,,,
step wp step up with hip extension,,,,,,,,,
step wp step up with hip flexion,,,,,,,,,
suspension 120 degree bridge HOLD,,,,,,3,suspension,,
suspension 90 degree press hold with hip extension,,upper push,strength,,anterior,3,suspension,,
suspension alligators,,,,,,3,suspension,,
suspension alternating low single leg squats,,lower push,strength,,posterior,3,suspension,,
suspension alternating single leg curls,,upper pull,strength,0,anterior,3,suspension,,
suspension alternating single leg squat with bicep curl,,upper pull,strength,0,anterior,3,suspension,,
suspension alternating single leg squat with high row,,lower push,strength,0,posterior,3,suspension,,
suspension alternating single leg squat with low row,,lower push,strength,0,posterior,3,suspension,,
suspension alternating single leg squats,,lower push,strength,,posterior,3,suspension,,
suspension bicep curl crunch,,upper pull,strength,0,anterior,3,suspension,,
suspension bicep curl low row combo,,upper pull,strength,0,anterior,3,med ball,,
suspension bicep curl,,upper pull,strength,0,anterior,3,suspension,,
suspension bridge,,,,,,3,suspension,,
suspension chest flye tricep extension combo,,,,,,3,med ball,,
suspension chest flye,,,,,,3,suspension,,
suspension chest press chest flye combo,,upper push,strength,,anterior,3,med ball,,
suspension chest press hold 45 degrees,,upper push,strength,,anterior,3,suspension,,
suspension chest press hold 90 degrees,,upper push,strength,,anterior,3,suspension,,
suspension chest press narrow grip chest press combo,,upper push,strength,0,anterior,3,med ball,,
suspension diagonal half up down,,cardio,cardio,1,anterior,3,suspension,,
suspension eccentric chest flye,,,,,,3,suspension,,
suspension eccentric reverse flye,,,,,,3,suspension,,
suspension hack squat hold,,lower push,strength,,posterior,3,suspension,,
suspension hack squat with bicep curl,,upper pull,strength,0,anterior,3,suspension,,
suspension hack squat with high row,,lower push,strength,0,posterior,3,suspension,,
suspension hack squat with lat sweep,,lower push,strength,,posterior,3,suspension,,
suspension hack squat with low row,,lower push,strength,0,posterior,3,suspension,,
suspension hack squat,,lower push,strength,,posterior,3,suspension,,
suspension half hack squat hold,,lower push,strength,,posterior,3,suspension,,
suspension half rom chest press,,upper push,strength,,anterior,3,suspension,,
suspension half rom high row,,upper pull,strength,0,posterior,3,suspension,,
suspension half rom low row,,upper pull,strength,0,posterior,3,suspension,,
suspension half squat hold with bicep curl,,upper pull,strength,0,anterior,3,suspension,,
suspension half squat hold with high row,,lower push,strength,0,posterior,3,suspension,,
suspension half squat hold with low row,,lower push,strength,0,posterior,3,suspension,,
suspension half squat hold with partial rep high row,,lower push,strength,0,posterior,3,suspension,,
suspension half squat hold with partial rep low row,,lower push,strength,0,posterior,3,suspension,,
suspension half squat hold with reverse flye,,lower push,strength,,posterior,3,suspension,,
suspension half squat hold,,lower push,strength,,posterior,3,suspension,,
suspension half up down,,cardio,cardio,1,anterior,3,suspension,,
suspension high row bicep curl combo,,upper pull,strength,0,anterior,3,med ball,,
suspension high row hold at 90 degrees,,upper pull,strength,0,posterior,3,suspension,,
suspension high row low row combo,,upper pull,strength,0,posterior,3,med ball,,
suspension high row,,upper pull,strength,0,posterior,3,suspension,,
suspension lat sweeps,,,,,,3,suspension,,
suspension leg curl,,upper pull,strength,0,anterior,3,suspension,,
suspension low hack squat with bicep curl,,upper pull,strength,0,anterior,3,suspension,,
suspension low hack squat with high row,,lower push,strength,0,posterior,3,suspension,,
suspension low hack squat with low row,,lower push,strength,0,posterior,3,suspension,,
suspension low hack squat,,lower push,strength,,posterior,3,suspension,,
suspension low row hold with alternate single leg squat,,lower push,strength,0,posterior,3,suspension,,
suspension low row hold with low hack squat,,lower push,strength,0,posterior,3,suspension,,
suspension low row hold,,upper pull,strength,0,posterior,3,suspension,,
suspension low squat with bicep curl,,upper pull,strength,0,anterior,3,suspension,,
suspension low squat with high row,,lower push,strength,0,posterior,3,suspension,,
suspension low squat with low row,,lower push,strength,0,posterior,3,suspension,,
suspension marching squat hold with bicep curl hold,,upper pull,strength,0,anterior,3,suspension,,
suspension mountain climbers,,,,,,3,med ball,,
suspension narrow grip chest press,,upper push,strength,0,anterior,3,suspension,,
suspension narrow grip half rom chest press,,upper push,strength,0,anterior,3,suspension,,
suspension plank-ups with feet in straps,,,,,,3,suspension,,
suspension plank,,,,,,3,suspension,,
suspension push up hold with high knees and soft elbows,,upper push,strength,,anterior,3,suspension,,
suspension push up hold with high knees at 90 degrees,,upper push,strength,,anterior,3,suspension,,
suspension push up hold with march and soft elbows,,upper push,strength,,anterior,3,suspension,,
suspension push up plank up combo with feet in straps,,upper push,strength,,anterior,3,med ball,,
suspension reverse flye high row combo,,upper pull,strength,0,posterior,3,med ball,,
suspension reverse flye,,,,,,3,suspension,,
suspension reverse lunge and bicep curl,,upper pull,strength,0,anterior,3,suspension,,
suspension reverse lunge with high row,,lower push,strength,0,posterior,3,suspension,,
suspension reverse lunge with low row,,lower push,strength,0,posterior,3,suspension,,
suspension reverse lunge,,lower push,strength,,posterior,3,suspension,,
suspension single leg squat left,,lower push,strength,,posterior,3,suspension,,
suspension single leg squat right,,lower push,strength,,posterior,3,suspension,,
suspension speed squat,,lower push,strength,,posterior,3,suspension,,
suspension squat hold with bicep curl,,upper pull,strength,0,anterior,3,suspension,,
suspension squat hold with high row low row combo,,lower push,strength,0,posterior,3,med ball,,
suspension squat hold with low row,,lower push,strength,0,posterior,3,suspension,,
suspension squat hold with partial rep high row,,lower push,strength,0,posterior,3,suspension,,
suspension squat hold with partial rep low row,,lower push,strength,0,posterior,3,suspension,,
suspension squat hold,,lower push,strength,,posterior,3,suspension,,
suspension squat with bicep curl,,upper pull,strength,0,anterior,3,suspension,,
suspension squat with high row,,lower push,strength,0,posterior,3,suspension,,
suspension squat with low row,,lower push,strength,0,posterior,3,suspension,,
suspension squat with reverse flye,,lower push,strength,,posterior,3,suspension,,
suspension squat with straight arm front raise,,lower push,strength,,anterior,3,suspension,,
suspension squat with y flye,,lower push,strength,,posterior,3,suspension,,
suspension squat,,lower push,strength,,posterior,3,suspension,,
suspension straight arm front raise,,,,,,3,suspension,,
suspension tricep extension,,,,,,3,suspension,,
suspension v sit hold with front press,,upper push,strength,,anterior,3,suspension,,
suspension y flye,,,,,,3,suspension,,
upper body crunch with feet off floor,,abs,strength,0,anterior,,,,
upper body twist crunch right with feet on floor,,abs,strength,0,anterior,,,,
versa log squat with oh press and vertical log squeeze,,upper push,strength,,anterior,,,,
wall calf raise,,,,,,,,,
wall march,,,,,,,,,
wall push ups,,upper push,strength,,anterior,,,,
wall runs,,,,,,,,,
wall sit with bag squeeze,,,,,,,,,
wall sit with foam roll,,,,,,,,,
wall sit,,,,,,,,,
wall ups max height,,,,,,,,,
wall ups,,,,,,,,,
windshield wipers,,,,,,,,,
wp oh squats,,upper push,strength,,anterior,,,,
band high alternating supinated band rows start in,,upper pull,strength,0,posterior,,band,,
band high band 1 arm row right,,upper pull,strength,0,posterior,,band,,
band high band alt lat pulldowns and arms start down,,cardio,cardio,1,anterior,,band,,
band high band alt lat pulldowns arms start up,,cardio,cardio,1,anterior,,band,,
band high band continuous squat with row and row as you stand,,lower push,strength,0,posterior,,band,,
band high band half hack squat hold with supinated row,,lower push,strength,0,posterior,,band,,
band high band half lunge hold with one arm lat sweep left,,lower push,strength,,posterior,,band,,
band high band half lunge hold with one arm lat sweep right,,lower push,strength,,posterior,,band,,
band high band high row hold with reverse lunge,,lower push,strength,0,posterior,,band,,
band high band lat pulldown,,cardio,cardio,1,anterior,,band,,
band high band lat sweep,,,,,,,band,,
band high band lunge hold with one arm lat sweep with left,,lower push,strength,,posterior,,band,,
band high band lunge hold with one arm lat sweep with right,,lower push,strength,,posterior,,band,,
band high band overhead tricep extension,,,,,,,band,,
band high band row hold with alternating one arm row,,upper pull,strength,0,posterior,,band,,
band high band row hold with bw squats,,lower push,strength,0,posterior,,band,,
band high band squat with row at bottom,,lower push,strength,0,posterior,,band,,
band high hack squat hold with row,,lower push,strength,0,posterior,,band,,
band high hack squat hold with supinated row,,lower push,strength,0,posterior,,band,,
band high hack squat with band sweep as you stand,,lower push,strength,,posterior,,band,,
band high half hack squat hold with row,,lower push,strength,0,posterior,,band,,
band high half hack squat hold with supinated row,,lower push,strength,0,posterior,,band,,
band high half squat hold with supinated row,,lower push,strength,0,posterior,,band,,
band high half sumo squat hold with row,,lower push,strength,0,posterior,,band,,
band high half sumo squat hold with supinated row,,lower push,strength,0,posterior,,band,,
band high reverse lunge with row at bottom right,,lower push,strength,0,posterior,,band,,
band high reverse lunge with row at top right,,lower push,strength,0,posterior,,band,,
band high reverse lunge with row at top with left,,lower push,strength,0,posterior,,band,,
band high speed row,,upper pull,strength,0,posterior,,band,,
band high squat with supinated row at bottom,,lower push,strength,0,posterior,,band,,
band high sumo squat hold with supinated row,,lower push,strength,0,posterior,,band,,
band high supinated lat pulldown,,cardio,cardio,1,anterior,,band,,
band high supinated row,,upper pull,strength,0,posterior,,band,,
band high supinated speed row,,upper pull,strength,0,posterior,,band,,
band low alternating supinated band rows start in,,upper pull,strength,0,posterior,,band,,
band low band continuous squat with row row as you stand,,lower push,strength,0,posterior,,band,,
band low band high row hold with reverse lunge,,lower push,strength,0,posterior,,band,,
band low band low to high chest press,,upper push,strength,,anterior,,band,,
band low band one arm row right,,upper pull,strength,0,posterior,,band,,
band low band row hold with bw squats,,lower push,strength,0,posterior,,band,,
band low band squat with row at bottom,,lower push,strength,0,posterior,,band,,
band low band y flye,,,,,,,band,,
band low hack squat hold with row,,lower push,strength,0,posterior,,band,,
band low hack squat hold with supinated row,,lower push,strength,0,posterior,,band,,
band low half hack squat hold with row,,lower push,strength,0,posterior,,band,,
band low half hack squat hold with supinated row,,lower push,strength,0,posterior,,band,,
band low half squat hold with supinated row,,lower push,strength,0,posterior,,band,,
band low half sumo squat hold with supinated row,,lower push,strength,0,posterior,,band,,
band low reverse lunge with row at bottom left,,lower push,strength,0,posterior,,band,,
band low reverse lunge with row at bottom right and left,,lower push,strength,0,posterior,,band,,
band low reverse lunge with row at top left,,lower push,strength,0,posterior,,band,,
band low reverse lunge with row at top right,,lower push,strength,0,posterior,,band,,
band low row hold with alternating one arm row,,upper pull,strength,0,posterior,,band,,
band low speed row,,upper pull,strength,0,posterior,,band,,
band low sumo squat hold with row,,lower push,strength,0,posterior,,band,,
band low sumo squat hold with supinated row,,lower push,strength,0,posterior,,band,,
band low supinated bicep curl,,upper pull,strength,0,anterior,,band,,
band low supinated row,,upper pull,strength,0,posterior,,band,,
band low supinated speed row,,upper pull,strength,0,posterior,,band,,
band mid alternating supinated band rows start in,,upper pull,strength,0,posterior,,band,,
band mid band continous squat with row row as you stand,,lower push,strength,0,posterior,,band,,
band mid band half squat hold with reverse flye,,lower push,strength,,posterior,,band,,
band mid band high row hold with reverse lunge,,lower push,strength,0,posterior,,band,,
band mid band low row high row combo,,upper pull,strength,0,posterior,,band,,
band mid band lunge hold with one arm row right or left,,lower push,strength,0,posterior,,band,,
band mid band one arm row left and right,,upper pull,strength,0,posterior,,band,,
band mid band one arm row right and left,,upper pull,strength,0,posterior,,band,,
band mid band reverse flye,,,,,,,band,,
band mid band row hold with alternating one arm row,,upper pull,strength,0,posterior,,band,,
band mid band row hold with bw squats,,lower push,strength,0,posterior,,band,,
band mid band squat hold with reverse flye,,lower push,strength,,posterior,,band,,
band mid band squat with row at bottom,,lower push,strength,0,posterior,,band,,
band mid band tricep kickback,,,,,,,band,,
band mid hack squat hold with row,,lower push,strength,0,posterior,,band,,
band mid hack squat hold with supinated row,,lower push,strength,0,posterior,,band,,
band mid half hack squat hold with row,,lower push,strength,0,posterior,,band,,
band mid half hack squat hold with supinated row,,lower push,strength,0,posterior,,band,,
band mid half squat hold with supinated row,,lower push,strength,0,posterior,,band,,
band mid half sumo squat hold with row,,lower push,strength,0,posterior,,band,,
band mid half sumo squat hold with supinated row,,lower push,strength,0,posterior,,band,,
band mid lunge hold left with one arm chest flye,,lower push,strength,,posterior,,band,,
band mid lunge hold right with one arm chest flye,,lower push,strength,,posterior,,band,,
band mid lunge hold with one arm high row right and left,,lower push,strength,0,posterior,,band,,
band mid narrow band press,,upper push,strength,0,anterior,,band,,
band mid one arm chest press with twist left,,upper push,strength,,anterior,,band,,
band mid one arm chest press with twist right,,upper push,strength,,anterior,,band,,
band mid reverse lunge with row at bottom right,,lower push,strength,0,posterior,,band,,
band mid reverse lunge with row at top left,,lower push,strength,0,posterior,,band,,
band mid reverse lunge with row at top with right,,lower push,strength,0,posterior,,band,,
band mid speed row,,upper pull,strength,0,posterior,,band,,
band mid sumo squat hold with supinated row,,lower push,strength,0,posterior,,band,,
band mid supinated row,,upper pull,strength,0,posterior,,band,,
band mid supinated speed row,,upper pull,strength,0,posterior,,band,,
boxing fast left right hook hook upper cut upper cut,,,cardio,,,5,boxing gear,,
boxing left left right right jab jab cross cross,,,cardio,,,5,boxing gear,,
kneeling 1 leg hip extension with left,,,,,,,,,
kneeling 1 leg hip extension with right,,,,,,,,,
stability ball alternating single leg squat,,lower push,strength,,posterior,,,,
stability ball hack squat,,lower push,strength,,posterior,,,,
stability ball power lunge right,,lower push,strength,,posterior,,,,
step body bar step up with curl,,upper pull,strength,0,anterior,,,,
step single leg lateral step jump with hip flexion left,,,,1,,,,,
step single leg lateral step jump with hip flexion right,,,,1,,,,,
step versa bag step up with hip extension,,,,,,,,,
step wp lateral step up with curl,,upper pull,strength,0,anterior,,,,
step wp squat lateral step up squat,,lower push,strength,,posterior,,,,
step wp step up with hip extension,,,,,,,,,
suspension alternating single leg curls,,upper pull,strength,0,anterior,3,suspension,,
suspension high row hold at 90 degrees,,upper pull,strength,0,posterior,3,suspension,,
suspension squat hold with high row,,lower push,strength,0,posterior,3,suspension,,
1 Arm Band Lat Sweeps Alternating,,,,,,,band,,
Band Chop High to Low Left,,,,,,,band,,
Alternating Squat Jump Lunge Jump Combo,,lower push,cardio,1,posterior,,med ball,,
Band Chop Low to High Right,,,,,,,band,,
1 DB Reverse Lunge with Front Raise Left,,lower push,strength,,posterior,1,db,,
BB Curl,,upper pull,strength,0,anterior,,,,
Band Superman LB Focused,,,,,,,band,,
1 Arm Band Lat Sweeps Left,,,,,,,band,,
1 Arm Band Lat Sweeps Right,,,,,,,band,,
1 DB Twist Crunch,,abs,strength,0,anterior,1,db,,
2 DB Lying Tricep Extension,,,,,,1,db,,
1 DB Curl with Front Press,,upper push,strength,0,anterior,1,db,,
Band Chop High to,,,,,,,band,,
Band Monster Walk,,,,,,,band,,
Band Chop Low to High Left,,,,,,,band,,
Band Bicep Curl,,upper pull,strength,0,anterior,,band,,
Barbell Squat Step Up Squat,,lower push,strength,,posterior,4,barbell,,
Barbell Step Up with Hip Flexion and Extension,,,strength,,,4,barbell,,
BB Pelvic Lift,,,,,,,,,
Band Reverse Lunge with Twist Left,,lower push,strength,,posterior,,band,,
Band Reverse Lunge with Twist right,,lower push,strength,,posterior,,band,,
Bent Knee Twist Crunch - Alternating,,abs,strength,0,anterior,,,,
Boxing Squat Hold with Russian Twist,,lower push,cardio,,posterior,5,boxing gear,,
Boxing Split Squat with Jab Right,,lower push,cardio,,posterior,5,boxing gear,,
Band Chop High to Low Right,,,,,,,band,,
Boxing Squat Hold with L Cross,,lower push,cardio,,posterior,5,boxing gear,,
Bent Knee Twist Crunch Left,,abs,strength,0,anterior,,,,
Bridge Hold with BB Floor Press,,upper push,strength,,anterior,,,,
BB Lying Tricep Extension with Crunch,,abs,strength,0,anterior,,,,
BW Tall kneeling to Squat hold,,lower push,strength,,posterior,,,,
BB Front Rack Split Squat Right,,lower push,strength,,anterior,,,,
BB Single Leg RDL Right,,,,,,,,,
Barbell Step Up with Hip Extension,,,strength,,,4,barbell,,
BB Single Leg RDL Left,,,,,,,,,
BW Pause Squats,,lower push,strength,,posterior,,,,
BB Front Rack Split Squat Left,,lower push,strength,,anterior,,,,
BB Single Leg RDL Alternating,,,,,,,,,
Boxing Split Squat with Jab Left,,lower push,cardio,,posterior,5,boxing gear,,
Bear Plank,,,,,,,,,
Barbell Squat Lateral Step Up Squat,,lower push,strength,,posterior,4,barbell,,
Band Superman UB Focused,,,,,,,band,,
BB OH Tricep Extension,,upper push,strength,,anterior,,,,
Bear Crawl,,,,,,,,,
BB Split squat Left,,lower push,strength,,posterior,,,,
BB Split Squat Right,,lower push,strength,,posterior,,,,
Bent Knee Twist Crunch Right,,abs,strength,0,anterior,,,,
BB Bridge,,,,,,,,,
Boxing Lunge Hold with Jab Right,,lower push,cardio,,posterior,5,boxing gear,,
Bridge Hold with WP Floor Press,,upper push,strength,,anterior,,,,
Barbell Step Up with Hip Flexion,,,strength,,,4,barbell,,
Caterpillar Walk Out with Plank up,,,,,,,,,
BB Bench Press off step ,,upper push,strength,,anterior,,,,
Boxing Lunge hold with Jab Left,,lower push,cardio,,posterior,5,boxing gear,,
BW Hack Squat,,lower push,strength,,posterior,,,,
BB RDL with Calf Raise,,,,,,,,,
Boxing LR Elbows,,,cardio,,,5,boxing gear,,
Band Bicep Curl Wall,,upper pull,strength,0,anterior,,band,,
Boxing Stationary Lateral Lunge with LR at top,,lower push,cardio,,posterior,5,boxing gear,,
DB Bridge Hold with Floor Press,,upper push,strength,,anterior,1,db,,
DB Bear Plank with Alternating Row,,upper pull,strength,0,posterior,1,db,,
DB 1 arm Uneven Lunge Right,,lower push,strength,,posterior,1,db,,
DB OH March,,upper push,strength,,anterior,1,db,,
DB Pelvic Lifts,,,,,,1,db,,
DB Goblet Split Squat Left,,lower push,strength,,posterior,1,db,,
DB Alternating Calf Raises,,,,,,1,db,,
Db Suitcase Squat Left,,lower push,strength,,posterior,1,db,,
Hollow Body Hold,,,,,,,,,
DB Alternating Curl with Front Press,,upper push,strength,0,anterior,1,db,,
DB Goblet Lateral Lunge,,lower push,strength,,posterior,1,db,,
DB Single Leg RDL Right,,,,,,1,db,,
DB Reverse Lunge with Front Raise,,lower push,strength,,posterior,1,db,,
DB Caterpillar Walk Out,,,,,,1,db,,
DB 1 arm Uneven Lunge Left,,lower push,strength,,posterior,1,db,,
DB Caterpillar Walk Out with Row and Push Up,,upper push,strength,0,anterior,1,db,,
DB Caterpillar Walk Out with Push Up,,upper push,strength,,anterior,1,db,,
DB Goblet Squat with OH Press,,upper push,strength,,anterior,1,db,,
DB Goblet Split Squat Right,,lower push,strength,,posterior,1,db,,
DB Goblet Squat,,lower push,strength,,posterior,1,db,,
DB Hack Squat,,lower push,strength,,posterior,1,db,,
DB goblet Sumo Squat,,lower push,strength,,posterior,1,db,,
DB Jump Squat with L-R Air Box at Bottom,,lower push,cardio,1,posterior,1,db,,
DB Goblet Sumo Squat with OH Press,,upper push,strength,,anterior,1,db,,
DB Lateral Raise,,,,,,1,db,,
DB Bridge,,,,,,1,db,,
DB March,,,,,,1,db,,
DB Pause Hack Squat,,lower push,strength,,posterior,1,db,,
DB Pause Squats,,lower push,strength,,posterior,1,db,,
DB RDL with Calf Raise,,,,,,1,db,,
DB Pause Sumo Squats,,lower push,strength,,posterior,1,db,,
DB RDL with Reverse Flye at bottom,,,,,,1,db,,
DB Split Squat with 1 Arm OH Press Left,,upper push,strength,,anterior,1,db,,
DB Suitcase Squat Right,,lower push,strength,,posterior,1,db,,
DB Squat with Alt Front Raise,,lower push,strength,,anterior,1,db,,
DB Reverse Lunge to DB Squat,,lower push,strength,,posterior,1,db,,
DB Single Leg RDL Left,,,,,,1,db,,
Dead Bug,,,,,,,,,
DB Single Leg RDL Alternating,,,,,,1,db,,
Frog Pump,,,,,,,,,
DB Split Squat with 1 Arm OH Press Right,,upper push,strength,,anterior,1,db,,
DB Sumo Squat no pause,,lower push,strength,,posterior,1,db,,
DB Single Arm OH Tricep Extension,,upper push,strength,,anterior,1,db,,
Front Foot Elevated Split Squat Left,,lower push,strength,,anterior,,,,
Front Foot Elevated Split Squat Right,,lower push,strength,,anterior,,,,
DB Caterpillar Walk Out with Alternating Row,,upper pull,strength,0,posterior,1,db,,
High Push Up HOLD,,upper push,strength,,anterior,,,,
DB Kickbacks,,,,,,1,db,,
Lateral Band Walk,,,,,,,band,,
Long Jump with 3 Hop Back,,,,1,,,,,
MB Bridge with Front Press,,upper push,strength,,anterior,,med ball,,
MB Bridge,,,,,,,med ball,,
Lateral Skips with Ankle Hops,,,,,,,,,
MB Low Stationary Lunge,,lower push,strength,,posterior,,med ball,,
MB 1-arm Uneven Reverse Lunge Left,,lower push,strength,,posterior,,med ball,,
MB 1-arm Uneven Reverse Lunge Right,,lower push,strength,,posterior,,med ball,,
MB Kneel to Squat Hold,,lower push,strength,,posterior,,med ball,,
MB Lunge HOLD with Twist Left,,lower push,strength,,posterior,,med ball,,
MB Lunge HOLD with Twist Right,,lower push,strength,,posterior,,med ball,,
MB Pelvic Lift,,,,,,,med ball,,
MB SA Upper Body Crunch HOLD,,abs,strength,0,anterior,,med ball,,
MB Split Squat with OH Press Left,,upper push,strength,,anterior,,med ball,,
MB Lunge Hold with Front Press Left,,upper push,strength,,anterior,,med ball,,
Narrow Wall Push Up,,upper push,strength,0,anterior,,,,
MB Up Down with Big Circle,,cardio,cardio,1,anterior,,med ball,,
Rev Lunge to Step Up with Hip Flexion Left,,lower push,strength,,posterior,,,,
Reverse Lunge to Squat,,lower push,strength,,posterior,,,,
Rev Lunge to Step Up with Hip Flexion,,lower push,strength,,posterior,,,,
Rev Lunge to Step Up with Hip Flexion Right,,lower push,strength,,posterior,,,,
Lateral Skip with Squat,,lower push,strength,,posterior,,,,
Sandbell 1-Arm Curl to OH Press Left,,upper push,strength,0,anterior,1,db,,
Sandbell Bent over 1 arm row Left,,upper pull,strength,0,posterior,1,db,,
Sandbell 1-arm Curl to OH Press Right,,upper push,strength,0,anterior,1,db,,
Sandbell Chop - Left,,,,,,1,db,,
Sandbell Chops Right,,,,,,1,db,,
Sandbell Bent Over 1 arm Row,,upper pull,strength,0,posterior,1,db,,
Sandbell Frog Pump,,,,,,1,db,,
Sandbell Curl to OH Press,,upper push,strength,0,anterior,1,db,,
Sandbell Lunge Hold with Row Left,,lower push,strength,0,posterior,1,db,,
Sandbell OH Squat,,upper push,strength,,anterior,1,db,,
Sandbell Reverse Lunge with Twist Alternating,,lower push,strength,,posterior,1,db,,
Sandbell Stepping Lunge with Twist Right,,lower push,strength,,posterior,1,db,,
Sandbell Push up with Flip,,upper push,strength,,anterior,1,db,,
Sandbell Reverse Lunge with Twist Left,,lower push,strength,,posterior,1,db,,
Sandbell Tall Kneeling to Squat Hold,,lower push,strength,,posterior,1,db,,
Sandbell Squat with Front Raise,,lower push,strength,,anterior,1,db,,
Sandbell Squat Curl OH Press Slam,,upper push,strength,0,anterior,1,db,,
SB 1 Leg Bridge Left,,,,,,,,,
Sandbell Lunge Hold with Row Right,,lower push,strength,0,posterior,1,db,,
Sandbell Stepping Lunge with Twist Alternate,,lower push,strength,,posterior,1,db,,
Sandbell Front Squat,,lower push,strength,,anterior,1,db,,
SB 1 Leg Curl with Right,,upper pull,strength,0,anterior,,,,
Sandbell Reverse Lunge with Twist Right,,lower push,strength,,posterior,1,db,,
MB Straigh Leg Crunch,,abs,strength,0,anterior,,med ball,,
Sandbell Swings,,,,,,1,db,,
Sandbell Stepping Lunge with Twist Left,,lower push,strength,,posterior,1,db,,
Sandbell Russian Twist,,,,,,1,db,,
MB Straight Leg Twist Crunch,,abs,strength,0,anterior,,med ball,,
Sandbell Ribbon,,,,,,1,db,,
Sandbell Slams,,,,,,1,db,,
SB 1 leg Bridge Right,,,,,,,,,
SB Dead Bug between Legs,,,,,,,,,
SB 1 Leg Curl with Left,,upper pull,strength,0,anterior,,,,
SB Plank with Lateral Walk Out,,,,,,,,,
Side Plank with DB Lateral Raise Right,,,,,,1,db,,
SB Hand to Foot Exchange,,,,,,,,,
SB Straight Arm Crunch,,abs,strength,0,anterior,,,,
Side Plank with DB Lateral Raise Left,,,,,,1,db,,
Side Plank with Straight Leg Toe Touch Right,,,,,,,,,
Side Plank with Hip Abudction Right,,,,,,,,,
MB Split Squat with Front Press Right,,upper push,strength,,anterior,,med ball,,
Side Plank with Straight Leg Toe Touch Left,,,,,,,,,
Side Plank with Hip Abduction Left,,,,,,,,,
Single Leg Eccentric Squat to Step Alternate,,lower push,strength,,posterior,,,,
Squat Hold with band Pull Aparts,,lower push,strength,,posterior,,band,,
Single Leg Eccentric Squat to Step,,lower push,strength,,posterior,,,,
Single Leg Eccentric Squat to Step Left,,lower push,strength,,posterior,,,,
Squat Hold with R Cross,,lower push,strength,,posterior,,,,
Stationary Lunge Hold with Twist Right,,lower push,strength,,posterior,,,,
Stationary Lunge Hold with Twist Left,,lower push,strength,,posterior,,,,
Step Banded Frog Pumps,,,,,,,band,,
Squat with Band Pull apart Hold and OH Reach,,upper push,strength,,anterior,,band,,
Step Banded Prone Reverse Hyper,,,,,,,band,,
Step Barbell Split Squat Right,,lower push,strength,,posterior,4,barbell,,
SB Marching Hip Thrust HOLD,,,,,,,,,
SB Pelvic Lift between Legs,,,,,,,,,
SB Modified Roll Out,,,,,,,,,
Single Leg Eccentric Squat to Step Right,,lower push,strength,,posterior,,,,
MB Twist Crunch,,abs,strength,0,anterior,,med ball,,
MB Straight Leg Crunch,,abs,strength,0,anterior,,med ball,,
MB Lunge Hold with Front Press Right,,upper push,strength,,anterior,,med ball,,
MB Split Squat with Front Press Left,,upper push,strength,,anterior,,med ball,,
MB Split Squat with OH Press Right,,upper push,strength,,anterior,,med ball,,
MB Upper Body Crunch,,abs,strength,0,anterior,,med ball,,
Step BB Hip Thrust,,,,,,,,,
Step DB Pullover,,,,,,1,db,,
Step Heel Elevated Pelvic Lift Bilateral,,,,,,,,,
Step Front Rack Split Squat,,lower push,strength,,anterior,,,,
Step Split Squat with Front Raise Left,,lower push,strength,,anterior,,,,
Suspension Reverse Flye,,,,,,3,suspension,,
WP Single Leg RDL Alternating,,,,,,,,,
Step BB Pullover,,,,,,,,,
Stepping Lunge to Squat,,lower push,strength,,posterior,,,,
Suspension Single Arm Row Left,,upper pull,strength,0,posterior,3,suspension,,
Step Decline Plank,,,,,,,,,
Suspension Chest Press Hold with Hip Abduction,,upper push,strength,,anterior,3,suspension,,
Suspension Mountain Climber Push Combo,,upper push,strength,,anterior,3,med ball,,
Thai Plank Right,,,,,,,,,
WP Upper Body Crunch,,abs,strength,0,anterior,,,,
Wall Press Abs Right,,upper push,strength,,anterior,,,,
Step Bench Row,,upper pull,strength,0,posterior,,,,
Step Heel Elevated Bridge HOLD Bilateral,,,,,,,,,
Step Split Squat with Front Raise Right,,lower push,strength,,anterior,,,,
Step Bridge Hold with Walk Up,,,,,,,,,
Sumo Wall Sit,,,,,,,,,
Suspension Cycling Lunge Jump,,lower push,cardio,1,posterior,3,suspension,,
Step WP Pullover,,,,,,,,,
Step Split Squat with DB OH Press Left,,upper push,strength,,anterior,1,db,,
Suspension Pike,,,,,,3,suspension,,
Step Split Squat with DB OH Press Right,,upper push,strength,,anterior,1,db,,
Step Heel Elevated Pelvic Lift Left,,,,,,,,,
Step Split Squat with DB Bicep Curl Left,,upper pull,strength,0,anterior,1,db,,
WP Single Leg RDL Left,,,,,,,,,
Suspension Single Leg Squat Jump Left,,lower push,cardio,1,posterior,3,suspension,,
Wall Press Abs Left,,upper push,strength,,anterior,,,,
Step Decline Plank-Up,,,,,,,,,
Step Prone Reverse Hyper,,,,,,,,,
Suspension Straight Arm Front Raise,,,,,,3,suspension,,
WP Suitcase Squat Left,,lower push,strength,,posterior,,,,
Step Heel Elevated Bridge Hold Left,,,,,,,,,
Suspension Squat with Single Arm Row Left,,lower push,strength,0,posterior,3,suspension,,
WP Suitcase Squat Right,,lower push,strength,,posterior,,,,
Wall Sit with Bag Russian Twist,,,,,,,,,
Step Front Rack Split Squat Left,,lower push,strength,,anterior,,,,
Step Split Squat with Hammer Front Raise Right,,lower push,strength,,anterior,,,,
Suspension Single Leg Squat Jump Right,,lower push,cardio,1,posterior,3,suspension,,
Step MB pullover,,,,,,,med ball,,
WP Low Stationary Lunge,,lower push,strength,,posterior,,,,
Wall Push Up Hold with Alternating Hip Abduction,,upper push,strength,,anterior,,,,
Suspension Squat with Single Arm Row Right,,lower push,strength,0,posterior,3,suspension,,
Suspension Tricep Pushdown,,cardio,cardio,1,anterior,3,suspension,,
Uneven Plank Left,,,,,,,,,
Step Heel Elevated Pelvic Lift,,,,,,,,,
Step Split Squat with Hammer Front Raise Left,,lower push,strength,,anterior,,,,
Uneven Plank Right,,,,,,,,,
WP Single Leg RDL Right,,,,,,,,,
Suspension Stationary Lunge Jump,,lower push,cardio,1,posterior,3,suspension,,
WP Bridge,,,,,,,,,
Wall Sit with Band Pull Aparts,,,,,,,band,,
WP RDL,,,,,,,,,
WP Tall Kneeling to Squat Hold,,lower push,strength,,posterior,,,,
Suspension Supinated Row,,upper pull,strength,0,posterior,3,suspension,,
Suspension Squat Jump,,lower push,cardio,1,posterior,3,suspension,,
Suspension Ys,,,,,,3,suspension,,
Thai Plank Left,,,,,,,,,
Step Hip thrust,,,,,,,,,
Suspension Low Row,,upper pull,strength,0,posterior,3,suspension,,
Step Front Rack Split Squat Right,,lower push,strength,,anterior,,,,
WP Stragiht Leg Crunch,,abs,strength,0,anterior,,,,
WP March,,,,,,,,,
WP Split Squat Left,,lower push,strength,,posterior,,,,
WP Sumo Hack Jump Squat Combo,,lower push,cardio,1,posterior,,med ball,,
WP Pelvic Lifts,,,,,,,,,
Step Bench Row Left,,upper pull,strength,0,posterior,,,,
Step Heel Elevated Bridge Hold Right,,,,,,,,,
Suspension Hack to Sumo Squat Jump,,lower push,cardio,1,posterior,3,suspension,,
Step Split Squat with DB Bicep Curl Right,,upper pull,strength,0,anterior,1,db,,
Step Split Squat with DB OH Press,,upper push,strength,,anterior,1,db,,
Suspension Supinated Row to Pushdown,,cardio,cardio,1,anterior,3,suspension,,
Suspension High Row,,upper pull,strength,0,posterior,3,suspension,,
Step Split Squat with Lateral Raise Left,,lower push,strength,,posterior,,,,
Versabag Swings,,,,,,,,,
suspension Stationary Lunge Jump Left,,lower push,cardio,1,posterior,3,suspension,,
WP Bridge HOLD with Floor Press,,upper push,strength,,anterior,,,,
WP pause Squats,,lower push,strength,,posterior,,,,
WP Sumo Jump Squats,,lower push,cardio,1,posterior,,,,
WP Sumo Squat,,lower push,strength,,posterior,,,,
WP Straight Leg Twist Crunch,,abs,strength,0,anterior,,,,
Wall Sit with OH Band Pull Aparts,,upper push,strength,,anterior,,band,,
Wp Split Squat Right,,lower push,strength,,posterior,,,,
Wall Press Abs Bilateral,,upper push,strength,,anterior,,,,
Wall Alternating Hip Extension,,,,,,,,,
Step Split Squat with Lateral Raise Right,,lower push,strength,,posterior,,,,
WP Twist Crunch,,abs,strength,0,anterior,,,,
Wall Sit with Alt Knee Extension,,,,,,,,,
Step Barbell Split Squat Left,,lower push,strength,,posterior,4,barbell,,
